﻿[
    {
        "FirstName": "John",
        "MiddleName": "M",
        "LastName": "Smith",
        "BirthDate": "1968-20-05T00:00:00",
        "ID": -1,
        "Key": "9A530E38-6B22-48CA-95FB-182D5A64C754",
        "CustomerTypeKey": "36B08B23-0C1D-4488-B557-69665FD666E1"
    },
    {
        "FirstName": "Siva",
        "MiddleName": "M",
        "LastName": "Kumar",
        "BirthDate": "1986-11-15T00:00:00",
        "ID": -1,
        "Key": "87761D52-BB75-4A10-9178-675A89782667",
        "CustomerTypeKey": "BF3797EE-06A5-47F2-9016-369BEB21D944"
    },
    {
        "FirstName": "Maki",
        "MiddleName": "L",
        "LastName": "Ishii",
        "BirthDate": "1973-06-30T00:00:00",
        "ID": -1,
        "Key": "ABC80489-53B3-4F6D-BDC2-135E569885C5",
        "CustomerTypeKey": "51A84CE1-4846-4A71-971A-CB610EEB4848"
    },
    {
        "FirstName": "Xi",
        "MiddleName": "",
        "LastName": "Ling",
        "BirthDate": "1991-11-17T00:00:00",
        "ID": -1,
        "Key": "5839478f-5ffb-4ee4-9882-7f33ce2feb49"
    },
    {
        "FirstName": "Xi",
        "MiddleName": "",
        "LastName": "Ling",
        "BirthDate": "1950-11-17T00:00:00",
        "ID": -1,
        "Key": "aad608fd-2cb3-4220-acd9-e4b9533861a6"
    }
]
